Name	Wzrost	Waga	bmi
Michał	1.82	80	24.151672503320853
Natalia	1.65	60	22.03856749311295
Papież	4.2	69	3.91156462585034
